﻿telegram_id,name,phone,customer_id,language,date,is_banned,ban_reason,currency
6986450780,https://t.me/depositbettingbot,+201064272638,C000001,ar,2025-08-21 15:38,,,SAR
6004754785,Yasoo,201014274367,C000002,ar,2025-08-21 15:39,,,SAR
6903984413,/admin,+201274761584,C810493,ar,2025-08-21,no,,SAR
6857218316,محمد,+201064272097,C810563,ar,2025-08-21,no,,SAR
6659883827,الانال,+201064271491,C814347,ar,2025-08-21,no,,SAR
7146701713,Mohand,+79222014102,C824717,ar,2025-08-22,no,,KWD
7772964317,Dhbdbdbd,+201552725232,C831445,ar,2025-08-22,no,
