﻿id,company_id,method_name,method_type,account_data,additional_info,status,created_date
1,1,حساب بنكي أساسي,حساب بنكي,1234567890,البنك الأهلي,active,2024-01-01
2,1,فودافون كاش,محفظة إلكترونية,01012345678,للدفع السريع,active,2024-01-01
720393,1755812140,فودافون كاش,محفظة إلكترونية,01012357157,للدفع السريع,active,2025-08-21
731710,1755813468,فودافون كاش,محفظة إلكترونية,01012357157,للدفع السريع,active,2025-08-21
795268,1755814345,فودافون كاش,محفظة إلكترونية,01012357157,للدفع السريع,inactive,2025-08-21
