﻿setting_key,setting_value,description
support_phone,+966501234567,رقم هاتف الدعم الفني
support_email,support@langsense.com,بريد الدعم الإلكتروني
company_name,شركة LangSense المالية,اسم الشركة
min_deposit,50,أقل مبلغ إيداع مسموح
min_withdrawal,100,أقل مبلغ سحب مسموح
max_daily_withdrawal,10000,أقصى مبلغ سحب يومي
support_hours,24/7,ساعات عمل الدعم
welcome_message,مرحباً بك في نظام LangSense المالي المتقدم,رسالة الترحيب
